,Classifier,Average Accuracy,Average Precision,Specificity,Sensitivity,AUC
0,Decision Tree,0.8478260869565217,0.8478260869565217,0.8313253012048193,0.8613861386138614,0.8463557199093402
1,Random Forest,0.8533351855665698,0.8534601449275364,0.8433734939759037,0.8613861386138614,0.8523798162948826
2,k Nearest Neighbors,0.8420941519364513,0.8422502090301004,0.8072289156626506,0.8712871287128713,0.8392580221877609
3,Support Vector Machine,0.8638742689107339,0.8640834030100335,0.8313253012048193,0.8910891089108911,0.8612072050578552
