,Classifier,Average Accuracy,Average Precision,Specificity,Sensitivity,AUC
0,Decision Tree,0.8302793408490559,0.837547143825748,0.7528089887640449,0.9052631578947369,0.8290360733293911
1,Random Forest,0.8691312097961715,0.8720249727707163,0.8202247191011236,0.9157894736842105,0.8680070963926672
2,k Nearest Neighbors,0.8468458422584008,0.8532404206926758,0.7752808988764045,0.9157894736842105,0.8455351862803075
3,Support Vector Machine,0.8355919780425426,0.8441975801090279,0.7528089887640449,0.9157894736842105,0.8342992312241277
