,Classifier,Average Accuracy,Average Precision,Specificity,Sensitivity,AUC
0,Decision Tree,0.8059060935653347,0.8205025153874258,0.6785714285714286,0.92,0.7992857142857144
1,Random Forest,0.8462800530068781,0.8522256728778467,0.7619047619047619,0.92,0.8409523809523809
2,k Nearest Neighbors,0.8454530044919062,0.8566452068083604,0.7380952380952381,0.94,0.839047619047619
3,Support Vector Machine,0.8507485659617775,0.8637387200008874,0.7380952380952381,0.95,0.844047619047619
