,Classifier,Average Accuracy,Average Precision,Specificity,Sensitivity,AUC
0,Decision Tree,0.8049271830482734,0.8189072197208074,0.6625,0.9230769230769231,0.7927884615384615
1,Random Forest,0.8628989134083733,0.8659777054013189,0.7875,0.9230769230769231,0.8552884615384615
2,k Nearest Neighbors,0.8568208524730264,0.8626642561072404,0.7625,0.9326923076923077,0.8475961538461538
3,Support Vector Machine,0.8251370734101332,0.8259908129473348,0.7625,0.875,0.81875
