,Decision Tree,Random Forest,Support Vector Machine,k Nearest Neighbors
Accuracy,0.8382222777208554,0.8557914582607188,0.8619272566963035,0.8588631736886315
Precision,0.8404363478403718,0.8582775300846256,0.8655319190179869,0.8635067211326335
Specificity,0.8045218595218595,0.8117258492258493,0.8063472563472563,0.7981415506415507
Sensitivity,0.8622387543410476,0.8915024904043192,0.9061457720459447,0.9106773434990009
AUC,0.8333803069314536,0.8516141698150841,0.8562465141966007,0.8544094470702758
