,Set,Parameter,Value,Accuracy,Precision (No),Precision (Yes),Recall (No),Recall (Yes),f1-score (No),f1-score (Yes)
0,Training,kernel,linear,0.8747919253230331,0.8773991161376099,0.8729458053828114,0.8381408355038102,0.9045312264289986,0.8572676661593409,0.8884280019560492
2,Training,kernel,poly,0.9011677472754863,0.912212717216524,0.8930730843781916,0.8628863056127845,0.932362731533118,0.8868213631245812,0.9122687386627891
4,Training,kernel,rbf,0.8885864716972456,0.9047508493420746,0.8770563355164753,0.8402364000738872,0.9279241419377684,0.8712794323466045,0.9017624358935608
6,Training,kernel,sigmoid,0.7959711684370258,0.7467394527982317,0.8461435263521192,0.8265901411848257,0.7712271057350636,0.784017316239598,0.8064066338240117
1,Validating,kernel,linear,0.8650129581636431,0.8630005149367672,0.8667930016431373,0.8324873573230407,0.890478776161413,0.8456956866896939,0.8774850912325884
3,Validating,kernel,poly,0.8581081081081081,0.8622929768021148,0.8537601076130216,0.8096191787962684,0.8958541513419563,0.834214303984481,0.8738078146371471
5,Validating,kernel,rbf,0.8635320251758609,0.8788219696969696,0.8544810660664318,0.8084479689268417,0.9041917675413,0.8404665833574578,0.8778720902348116
7,Validating,kernel,sigmoid,0.8131432802665678,0.7796927191421289,0.8570362087602799,0.8369599829757147,0.7872733912495483,0.7985257078249586,0.8157811280091669
