,Set,Parameter,Value,Accuracy,Precision (No),Precision (Yes),Recall (No),Recall (Yes),f1-score (No),f1-score (Yes)
0,Training,kernel,linear,0.871001977284223,0.8568740451208499,0.8818908048002703,0.846917984675008,0.8896872926377238,0.8518217898680511,0.8857447781961245
2,Training,kernel,poly,0.896923483698901,0.8975149515441068,0.8965650268705492,0.8632645172186637,0.9231270940632627,0.8800168038028904,0.909630795274694
4,Training,kernel,rbf,0.888887662666115,0.8936832467631779,0.8854770539017507,0.8469878311991694,0.9215532560475699,0.8696660001428518,0.9031302544660657
6,Training,kernel,sigmoid,0.7964211155561687,0.7519962107398985,0.8369732233567717,0.7999873100698258,0.7936028515074625,0.7744587432774075,0.8140937177702785
1,Validating,kernel,linear,0.8635135135135135,0.8415226926010678,0.8810347998254976,0.8432102534562211,0.8776551719776002,0.8407839302094706,0.8782045811353741
3,Validating,kernel,poly,0.8432062199185488,0.8382446362176665,0.8459393927297404,0.7975255437836719,0.8771318946879825,0.8165733097283935,0.8608423552907144
5,Validating,kernel,rbf,0.8525546094039245,0.8388629478347219,0.8551925423607079,0.8051799386062604,0.8885050149363634,0.8199067458221719,0.8704908006017972
7,Validating,kernel,sigmoid,0.8252869307663827,0.7847154930146816,0.8615084469496235,0.8330949271035477,0.8274137051578911,0.8023160561839878,0.8390926877175053
