,Set,Parameter,Value,Accuracy,Precision (No),Precision (Yes),Recall (No),Recall (Yes),f1-score (No),f1-score (Yes)
0,Training,kernel,linear,0.8753966064284728,0.8719798985740042,0.8779882532407195,0.8447302000051673,0.9000754342006256,0.8581207024245916,0.888883434608208
2,Training,kernel,poly,0.9040495240722857,0.9002459954720529,0.9071084326944272,0.8827376868197536,0.9211433653421954,0.8913618067881991,0.9140453710739352
4,Training,kernel,rbf,0.8858564399687314,0.8928156379850314,0.8807994561525305,0.8456831184817979,0.9181153125824043,0.8685931769539572,0.8990631703940382
6,Training,kernel,sigmoid,0.8191585046213271,0.7797824190478017,0.8559773691226731,0.830138824301096,0.8103740586750977,0.8037427461049861,0.8321763450796112
1,Validating,kernel,linear,0.8648648648648647,0.8560131180591414,0.869402072165712,0.834111186685354,0.8903658654028656,0.8435294465570522,0.8787796235666834
3,Validating,kernel,poly,0.8514439096630877,0.8387431544315419,0.8647578579804838,0.837777899048697,0.8681162376955811,0.8338703285511416,0.8636409833017764
5,Validating,kernel,rbf,0.8662717512032581,0.878056943056943,0.860879049248827,0.8180084422330749,0.899998807671442,0.8443969267596035,0.878635174257132
7,Validating,kernel,sigmoid,0.8389485375786745,0.8045668001799922,0.876069290946172,0.845605959680514,0.8311287048038846,0.8220053034179335,0.8504149342664176
