,Set,Parameter,Value,Accuracy,Precision (No),Precision (Yes),Recall (No),Recall (Yes),f1-score (No),f1-score (Yes)
0,Training,kernel,linear,0.853569227939486,0.8481858395418016,0.8576100162734356,0.8156506808701897,0.8837133419624283,0.8315594940030392,0.8704431330716533
2,Training,kernel,poly,0.8794905044373937,0.8848779298936533,0.8756738988560047,0.8372634054262255,0.9131363388136163,0.8603483362749433,0.8939746682236962
4,Training,kernel,rbf,0.8673646939807791,0.8766180447455527,0.8609149243694235,0.8157002120942073,0.9084916542611049,0.8450229096711086,0.8840428029145204
6,Training,kernel,sigmoid,0.8052103738446682,0.7583267301595206,0.8496475853334632,0.8235778768939326,0.7905641701683548,0.7892653046562977,0.8187612291848166
1,Validating,kernel,linear,0.8458533876342095,0.8425282727062482,0.8476333801291883,0.7975017919491604,0.8840037772964602,0.817302607137352,0.8639278450701134
3,Validating,kernel,poly,0.8321917808219178,0.8297986530035212,0.8322869164111921,0.7814168132868731,0.8797922416084836,0.8011417585428113,0.8527186626328189
5,Validating,kernel,rbf,0.8512958163643095,0.8539067723155599,0.847279040608518,0.7983753636582585,0.8916686991715086,0.8242694172048198,0.8682743944358252
7,Validating,kernel,sigmoid,0.8143280266567938,0.773623591871353,0.8561880750895231,0.8319464912064533,0.8020030760852329,0.7996415387883016,0.826404655806044
