,Set,Parameter,Value,Accuracy,Precision (No),Precision (Yes),Recall (No),Recall (Yes),f1-score (No),f1-score (Yes)
0,Training,kernel,linear,0.8764574424058491,0.8750171156621176,0.8775591404865617,0.8464471435060746,0.9010455389753422,0.8604749234817908,0.8891340380368602
2,Training,kernel,poly,0.9013199521773118,0.9041477142128865,0.8991560389226226,0.8733988386286144,0.9241771671513949,0.8884845627749879,0.9114809189908645
4,Training,kernel,rbf,0.8897988228261369,0.898142461714522,0.8836209540837855,0.8518922278988587,0.9208855293088561,0.8743516893587413,0.9018354469173693
6,Training,kernel,sigmoid,0.7989957235480755,0.7860480296671648,0.8112625697092296,0.7620910063490542,0.8289813247561867,0.7728034719160728,0.8193048796364713
1,Validating,kernel,linear,0.8703998519067013,0.8604813912368465,0.8779111437977318,0.8496516082518912,0.8911868343851408,0.8530997270273716,0.8828423020975542
3,Validating,kernel,poly,0.8704368752313958,0.8764054076594912,0.8671255932477233,0.8336260903153943,0.8968950929808832,0.8531048282614385,0.88078001376971
5,Validating,kernel,rbf,0.8635875601629026,0.8697231953252531,0.8591194079063141,0.8299134307816625,0.9010630668147321,0.845522567837157,0.8766981503783299
7,Validating,kernel,sigmoid,0.7995001851166235,0.787915183136303,0.8095072369490974,0.758907254984105,0.8381491998265549,0.7691913793442214,0.8211378387411615
