,Set,Parameter,Value,Accuracy,Precision (No),Precision (Yes),Recall (No),Recall (Yes),f1-score (No),f1-score (Yes)
0,Training,kernel,linear,0.8623621648963076,0.8608561809964653,0.8635888100600019,0.8346517397625373,0.885830073288264,0.8475321934485012,0.8745547494274721
2,Training,kernel,poly,0.8910111739550283,0.8942966445901475,0.8885136217442818,0.8643416250251219,0.913511641620459,0.8790043004895359,0.9008016441935383
4,Training,kernel,rbf,0.8776714029521313,0.8847708893838403,0.8721649207306538,0.8429138293714782,0.9071032182729807,0.8633123009759025,0.8892749051612124
6,Training,kernel,sigmoid,0.8020313146640916,0.7642715062429597,0.84017310073187,0.8229083306161744,0.7840873188673857,0.7920452300310414,0.8107627925788942
1,Validating,kernel,linear,0.8485746019992595,0.8472306222306223,0.8543172622004261,0.8172724074230693,0.8746697354848832,0.8292938226387199,0.8625564414769291
3,Validating,kernel,poly,0.8430766382821178,0.8378101923930623,0.8440146802229602,0.8103920000189484,0.8702376588991585,0.8228223987675898,0.8561951159552175
5,Validating,kernel,rbf,0.8553128470936692,0.8633731661286216,0.8513279982944617,0.8137481973454669,0.8883196071203947,0.8357359255761363,0.8680988701549847
7,Validating,kernel,sigmoid,0.8090336912254721,0.77016145305619,0.844243679576936,0.8310034333618125,0.7900546546828267,0.7976769381899215,0.8148415024612679
